{"schemaVersion":25,"addons":[{"id":"onboarding@mozilla.org","syncGUID":"{0db5b1b3-1c42-4a87-9c72-7bc86387b7c7}","location":"app-system-defaults","version":"1.0","type":"extension","internalName":null,"updateURL":null,"updateKey":null,"optionsURL":null,"optionsType":null,"aboutURL":null,"defaultLocale":{"name":"Photon onboarding","description":"Photon onboarding","creator":null,"homepageURL":null},"visible":true,"active":true,"userDisabled":false,"appDisabled":false,"installDate":1539014953000,"updateDate":1539014953000,"applyBackgroundUpdates":1,"bootstrap":true,"path":"/home/kernel/.local/share/torbrowser/tbb/x86_64/tor-browser_en-US/Browser/browser/features/onboarding@mozilla.org.xpi","skinnable":false,"size":361967,"sourceURI":null,"releaseNotesURI":null,"softDisabled":false,"foreignInstall":false,"strictCompatibility":false,"locales":[],"targetApplications":[{"id":"{ec8030f7-c20a-464f-9b0e-13a3a9e97384}","minVersion":"60.2.1","maxVersion":"60.*"}],"targetPlatforms":[],"multiprocessCompatible":true,"seen":true,"dependencies":[],"hasEmbeddedWebExtension":false,"mpcOptedOut":false,"userPermissions":null,"icons":{},"iconURL":null,"icon64URL":null,"blocklistState":0,"blocklistURL":null,"startupData":null},{"id":"{972ce4c6-7e08-4474-a285-3208198ce6fd}","syncGUID":"{649b13c7-e49a-4e6f-9c38-1514663a0f73}","location":"app-global","version":"60.2.1","type":"theme","internalName":"classic/1.0","updateURL":null,"updateKey":null,"optionsURL":null,"optionsType":null,"optionsBrowserStyle":null,"aboutURL":null,"defaultLocale":{"name":"Default","description":"The default theme.","creator":"Mozilla","homepageURL":null,"contributors":["Mozilla Contributors"]},"visible":true,"active":true,"userDisabled":false,"appDisabled":false,"installDate":1539014953000,"updateDate":1539014953000,"applyBackgroundUpdates":1,"path":"/home/kernel/.local/share/torbrowser/tbb/x86_64/tor-browser_en-US/Browser/browser/extensions/{972ce4c6-7e08-4474-a285-3208198ce6fd}.xpi","skinnable":true,"size":1907,"sourceURI":null,"releaseNotesURI":null,"softDisabled":false,"foreignInstall":false,"strictCompatibility":true,"locales":[],"targetApplications":[{"id":"{ec8030f7-c20a-464f-9b0e-13a3a9e97384}","minVersion":"60.2.1","maxVersion":"60.2.1"}],"targetPlatforms":[],"seen":true,"dependencies":[],"hasEmbeddedWebExtension":false,"userPermissions":null,"icons":{},"iconURL":"chrome://browser/content/default-theme-icon.svg","icon64URL":null,"blocklistState":0,"blocklistURL":null,"startupData":null},{"id":"{73a6fe31-595d-460b-a920-fcc0f8843232}","syncGUID":"{6b69b0f2-90d9-4abb-9638-f15c5103e1c2}","location":"app-profile","version":"10.1.9.8","type":"webextension","internalName":null,"updateURL":null,"updateKey":null,"optionsURL":"ui/options.html","optionsType":3,"optionsBrowserStyle":true,"aboutURL":null,"defaultLocale":{"name":"NoScript","description":"Extra protection for your Firefox: NoScript allows JavaScript, Flash (and other plugins) only for trusted domains of your choice (e.g. your home-banking web site). This whitelist based pre-emptive blocking approach prevents exploitation of security vulnerabilities (known and even unknown!) with no loss of functionality… Experts will agree: Firefox is really safer with NoScript :-)","creator":null,"developers":null,"translators":null,"contributors":null},"visible":true,"active":true,"userDisabled":false,"appDisabled":false,"installDate":1539028440000,"updateDate":1539028440000,"applyBackgroundUpdates":1,"bootstrap":true,"path":"/home/kernel/.local/share/torbrowser/tbb/x86_64/tor-browser_en-US/Browser/TorBrowser/Data/Browser/ffd1mb2h.tor/extensions/{73a6fe31-595d-460b-a920-fcc0f8843232}.xpi","skinnable":false,"size":1122132,"sourceURI":"https://addons.cdn.mozilla.net/user-media/addons/722/noscript_security_suite-10.1.9.8-an+fx.xpi?filehash=sha256%3A1a6da55f9e3b3d8e4a19e50af9e01bc9df5a3c7658fe59a7a9a42226ff200e63","releaseNotesURI":null,"softDisabled":false,"foreignInstall":false,"strictCompatibility":true,"locales":[{"name":"NoScript","description":"Extra protection for your Firefox: NoScript allows JavaScript, Flash (and other plugins) only for trusted domains of your choice (e.g. your home-banking web site). This whitelist based pre-emptive blocking approach prevents exploitation of security vulnerabilities (known and even unknown!) with no loss of functionality… Experts will agree: Firefox is really safer with NoScript :-)","creator":null,"developers":null,"translators":null,"contributors":null,"locales":["en"]},{"name":"NoScript","description":"Ekstra beskyttelse for Firefox: NoScript tillater JavaScript, Flash (og andre programtillegg) kun for betrodde domener du velger (f.eks. din nettbankside). Denne hvitlistebaserte forhåndsblokkeringsbaserte tilnærmingen forhindrer utnytting av sikkerhetssvakheter (kjente og ukjente!) uten funksjonalitetstap… Eksperter vil bekrefte: Firefox er faktisk tryggere med NoScript :-)","creator":null,"developers":null,"translators":null,"contributors":null,"locales":["nb-NO"]},{"name":"NoScript","description":"Une protection supplémentaire pour votre Firefox : NoScript autorise JavaScript, Flash (et autres greffons) seulement pour les domaines de votre choix (p. ex. le site Web de votre banque). Cette approche de blocage préemptif, fondé sur une liste blanche, prévient l’exploitation de vulnérabilités informatiques (connues et inconnues) sans perte de fonctionnalité. Les experts seront d’accord : Firefox est vraiment plus sûr avec NoScript :-)","creator":null,"developers":null,"translators":null,"contributors":null,"locales":["fr"]},{"name":"NoScript","description":"Protezione extra per Firefox: NoScript consente JavaScript, Flash (e altri plug-in) solo per domini verificati di tua scelta (ad es. il tuo sito web di home banking). Questo approccio di blocco preventivo basato su whitelist previene lo sfruttamento delle vulnerabilità della sicurezza (note e persino sconosciute!) senza alcuna perdita di funzionalità… Gli esperti saranno d‘accordo: Firefox è davvero più sicuro con NoScript :-)","creator":null,"developers":null,"translators":null,"contributors":null,"locales":["it"]},{"name":"NoScript","description":"Zusätzliche Sicherheit für Ihren Firefox: Mit NoScript können Sie JavaScript, Flash, Java und andere ausführbare Inhalte bloß auf vertrauenswürdigen Domains Ihrer Wahl zulassen, z.B. beim Online-Banking. Dieser whitelist-basierte präventive Ansatz verhindert das Ausnutzen von (bekannten und unbekannten!) Sicherheitslücken ohne Verlust an Funktionalität… Experten sind sich einig: Firefox wird wirklich noch sicherer mithilfe von NoScript ;-)","creator":null,"developers":null,"translators":null,"contributors":null,"locales":["de"]},{"name":"NoScript","description":"Ekstra beskyttelse for Firefox: NoScript tillater JavaScript, Flash (og andre programtillegg) kun for betrodde domener du velger (f.eks. din nettbankside). Denne hvitlistebaserte forhåndsblokkeringsbaserte tilnærmingen forhindrer utnytting av sikkerhetssvakheter (kjente og ukjente!) uten funksjonalitetstap… Eksperter vil bekrefte: Firefox er faktisk tryggere med NoScript :-)","creator":null,"developers":null,"translators":null,"contributors":null,"locales":["nb"]},{"name":"NoScript","description":"Protecció addicional per al vostre Firefox: NoScript permet JavaScript, Flash (i altres connectors) només per als dominis de confiança que trieu (p. ex. el web de banca de la llar). L'enfocament de bloqueig preventiu basat en la llista blanca evita l'explotació de vulnerabilitats de seguretat (conegudes i fins i tot desconegudes) sense pèrdua de funcionalitat... Els experts hi estan d'acord: Firefox és realment més segur amb NoScript :-)","creator":null,"developers":null,"translators":null,"contributors":null,"locales":["ca"]},{"name":"NoScript","description":"Extra protection for your Firefox: NoScript allows JavaScript, Flash (and other plugins) only for trusted domains of your choice (e.g. your home-banking web site). This whitelist based pre-emptive blocking approach prevents exploitation of security vulnerabilities (known and even unknown!) with no loss of functionality… Experts will agree: Firefox is really safer with NoScript :-)","creator":null,"developers":null,"translators":null,"contributors":null,"locales":["ms"]},{"name":"NoScript","description":"为 Firefox 提供额外的保护：NoScript 只允许在您选择的信任域执行 JavaScript、Flash 以及其他插件（比如您的家庭银行网站）。这种基于预设白名单的拦截策略可以防止（已知或未知的）安全漏洞攻击，同时不损失任何功能…专业人士也会同意：NoScript 让 Firefox 更安全 :-)","creator":null,"developers":null,"translators":null,"contributors":null,"locales":["zh-CN"]},{"name":"NoScript","description":"Дополнительная защита для Firefox: NoScript позволяет разрешать JavaScript, Flash (и другие плагины) только для доверенных доменов, выбранных вами (например: сайт банковского обслуживания). Белый список, основанный на принципе упреждающего блокирования, позволяет предотвратить использование уязвимостей (известных и ещё не известных!) без потери функциональности… Эксперты соглашаются: Firefox действительно безопаснее с NoScript :-)","creator":null,"developers":null,"translators":null,"contributors":null,"locales":["ru"]},{"name":"NoScript","description":"Gwarez ouzhpenn evit ho Firefox: NoScript a aotren JavaScript, Flash (ha lugantoù all) nemetken evit an domanioù a c'heller kaout fiziañs enno diouzh ho c'hoant (da skouer, ho lec'hienn bank er gêr). An hentenn stankañ-mañ dizarbenn diazezet war ar wennlistenn a vir ouzh ar c'horvoiñ frailhoù surentez (anaveet ha dianaveet!) Hep koll arc'hweladur ebet... An dud arbennig a lavaro deoc'h: Firefox a zo suroc'h hag a galz gant NoScript :-)","creator":null,"developers":null,"translators":null,"contributors":null,"locales":["br"]},{"name":"NoScript","description":"Επιπλέον προστασία για τον Firefox σου: το NoScript επιτρέπει JavaScript, Flash (και άλλα πρόσθετα) μόνο από έμπιστους ιστοτόπους που εσύ επιλέγεις (για παράδειγμα την σελίδα της τράπεζάς σου). Αυτή η προσέγγιση προληπτικού μπλοκαρίσματος όλων των σελιδών εκτός των έμπιστων σελιδών, αποτρέπει την εκμετάλλευση ευπαθειών ασφάλειας (γνωστών ή και αγνώστων!) χωρίς να χάνεται χρηστικότητα.","creator":null,"developers":null,"translators":null,"contributors":null,"locales":["el"]},{"name":"NoScript","description":"Protección extra para tu Firefox: NoScript permite JavaScript, Flash (y otros complementos) sólo para dominios confiables de tu elección (por ejemplo, su sitio web de banca personal). Este enfoque de bloqueo preventivo basado en listas blancas evita la explotación de vulnerabilidades de seguridad (¡conocidas e incluso desconocidas!) sin pérdida de funcionalidad... Los expertos estarán de acuerdo: Firefox es realmente más seguro con NoScript :-)","creator":null,"developers":null,"translators":null,"contributors":null,"locales":["es"]},{"name":"NoScript","description":"Proteção extra para o seu Firefox: NoScript permite JavaScript, Flash (e outros plugins) somente para domínios confiáveis de sua escolha (por exemplo, o site de seu home-banking). Esta abordagem de bloqueio preventivo baseada em lista de permissões impede a exploração de vulnerabilidades de segurança (conhecidas e até mesmo desconhecidas!) sem perda de funcionalidade... Especialistas vão concordar: o Firefox é muito mais seguro com o NoScript :-)","creator":null,"developers":null,"translators":null,"contributors":null,"locales":["pt-BR"]},{"name":"NoScript","description":"אקסטרה הגנה עבור Firefox שלך: NoScript מתירה JavaScript, Flash (ומתקעים אחרים) רק עבור תחומים מהימנים לבחירתך (למשל, האתר של הבנקאות הביתית שלך). אופן מניעתי מבוסס־רשימה לבנה זה של חסימה מונע ניצול של פגיעויות אבטחה (ידועות ואפילו בלתי ידועות!) ללא אבדן תפקודיות... מומחים יסכימו: Firefox באמת בטוח יותר עם NoScript :-)","creator":null,"developers":null,"translators":null,"contributors":null,"locales":["he"]},{"name":"NoScript","description":"Firefox için ek koruma: NoScript, yalnız güvenilir olarak seçtiğiniz etki alanları için (İnternet bankacılığı gşbş) JavaScript, Flash (ve diğer uygulama ekleri) gibi bileşenlere izin verir. Bu beyaz liste temelli engelleme yaklaşımı, herhangi bir özellik kaybına neden olmadan güvenlik açıklarından yararlanılmasını engeller (bilinen ve bilinmeyen!)... Uzmanlar Firefox uygulamasının NoScript ile gerçekten güvenli olduğu konusunda hemfikir :-)","creator":null,"developers":null,"translators":null,"contributors":null,"locales":["tr"]},{"name":"NoScript","description":"Extra bescherming voor uw Firefox: NoScript staat JavaScript, Flash en andere plug-ins alleen toe voor vertrouwde domeinen van uw keuze (zoals uw website voor thuisbankieren). Deze op een toestemmingenlijst gebaseerde preventieve benadering van blokkering voorkomt exploitatie van beveiligingskwetsbaarheden (bekende en zelfs onbekende!) zonder verlies van functionaliteit… Experts zijn het ermee eens: Firefox is echt veiliger met NoScript. :-)","creator":null,"developers":null,"translators":null,"contributors":null,"locales":["nl"]}],"targetApplications":[{"id":"toolkit@mozilla.org","minVersion":"59.0","maxVersion":null}],"targetPlatforms":[],"multiprocessCompatible":true,"signedState":2,"seen":true,"dependencies":[],"hasEmbeddedWebExtension":false,"userPermissions":{"permissions":["contextMenus","privacy","storage","tabs","unlimitedStorage","webNavigation","webRequest","webRequestBlocking"],"origins":["<all_urls>","ftp://*/*"]},"icons":{"48":"img/icon48.png","96":"img/icon96.png","256":"img/icon256.png"},"iconURL":null,"icon64URL":null,"blocklistState":0,"blocklistURL":null,"startupData":null}]}