{"chrome://torlauncher/content/network-settings-wizard.xul":{"TorNetworkSettings":{"screenX":"620","screenY":"246"}},"chrome://browser/content/browser.xul":{"PersonalToolbar":{"collapsed":"true"},"nav-bar":{"collapsed":"false"},"toolbar-menubar":{"autohide":"true"},"main-window":{"screenX":"117","screenY":"27","width":"1000","height":"974","sizemode":"normal"},"sidebar-box":{"sidebarcommand":"","width":""},"sidebar-title":{"value":""}},"about:config":{"prefCol":{"ordinal":"1","sortDirection":"ascending"},"lockCol":{"ordinal":"3"},"typeCol":{"ordinal":"5"},"valueCol":{"ordinal":"7"}}}